mutaciÃ³n	tipo	AA_pos	nievel_cambio
T->C	aa	361	2
T->C	aa	149	1
G->C	aa	132	1
C->T	sin	128	0
C->T	aa	432	2
A->C	aa	421	2
A->T	aa	447	2
G->C	aa	137	1
G->A	aa	361	1
T->A	aa	431	2
G->C	aa	119	2
G->C	aa	122	1
G->A	aa	391	2
G->T	aa	444	1
A->G	aa	64	1
T->A	sin	405	0
G->A	aa	373	1
T->A	aa	127	1
A->T	aa	115	2
A->G	aa	149	2
A->G	aa	147	1
C->T	aa	218	1
G->C	aa	451	1
T->A	aa	17	1
C->A	aa	401	1
T->C	aa	402	1
G->C	aa	379	1
T->C	aa	319	2
A->T	sin	395	0
A->T	aa	440	1
T->G	aa	398	1
G->A	aa	360	1
T->C	aa	138	1
C->T	aa	391	1
G->A	aa	376	1
G->C	aa	423	1
A->T	aa	413	2
T->C	aa	428	1
C->A	aa	401	1
C->A	aa	408	1
C->T	aa	149	1
C->T	aa	433	1
C->G	aa	140	2
T->C	aa	415	2
A->C	aa	126	2
G->C	aa	141	2
G->A	sin	378	0
G->A	aa	387	2
T->C	aa	194	1
T->A	aa	124	2
T->A	indel	370	3
A->C	aa	432	1
G->C	sin	445	0
T->A	indel	111	3
T->A	indel	133	3
T->G	aa	365	2
G->A	aa	135	1
G->C	aa	360	1
C->T	aa	109	1
T->A	aa	131	1
T->A	aa	111	1
T->G	aa	385	1
C->T	aa	352	2
T->A	aa	110	1
G->A	aa	355	1
T->C	aa	128	1
T->G	aa	383	1
C->T	aa	404	2
T->G	aa	391	1
T->C	aa	402	1
A->G	aa	361	1
G->T	sin	109	0
C->G	aa	413	2
C->A	aa	102	1
C->T	indel	411	3
C->G	aa	384	1
G->T	aa	121	2
T->G	indel	440	3
A->C	aa	407	2
A->T	aa	436	2
T->C	aa	358	1
G->A	aa	387	1
C->A	aa	120	2
T->A	aa	104	2
G->C	sin	105	0
C->T	sin	380	0
T->C	aa	365	1
A->G	aa	112	2
G->T	aa	138	2
C->T	aa	431	2
C->G	aa	123	1
T->A	aa	104	1
T->A	aa	438	1
G->C	aa	139	1
T->A	aa	104	2
G->A	aa	411	1
G->C	aa	128	1
T->C	aa	441	2
C->A	aa	419	1
A->T	aa	136	1
T->A	aa	430	1
T->A	sin	483	0
G->A	aa	435	1
C->T	aa	416	1
T->A	aa	113	1
T->G	aa	373	1
T->A	aa	132	1
G->T	aa	478	1
A->G	aa	148	2
G->A	aa	149	1
A->C	aa	358	2
G->C	aa	375	2
G->C	aa	446	1
G->C	aa	376	1
T->A	aa	387	1
T->G	aa	434	1
C->T	aa	383	1
G->A	aa	109	1
C->A	aa	110	1
A->G	sin	436	0
G->T	aa	403	1
A->T	aa	416	1
G->T	aa	356	1
C->A	aa	139	2
T->C	aa	68	1
G->A	indel	136	3
G->C	aa	392	1
C->T	sin	444	0
A->C	aa	444	2
G->C	aa	385	2
A->T	sin	426	0
A->T	aa	425	1
T->A	aa	113	2
G->T	sin	439	0
T->A	aa	383	2
T->A	aa	114	2
G->T	aa	352	2
G->T	aa	434	1
T->C	aa	453	2
T->C	sin	370	0
G->C	aa	352	1
C->T	aa	314	1
T->A	aa	448	1
C->T	aa	410	1
C->G	aa	439	2
C->G	aa	391	2
A->T	aa	442	2
G->A	aa	443	1
T->G	aa	401	1
G->A	aa	128	1
G->C	aa	403	1
A->G	aa	395	1
T->C	aa	132	1
T->C	aa	411	2
C->G	aa	380	1
C->G	aa	405	1
C->G	aa	109	2
A->G	indel	121	3
G->T	sin	377	0
A->T	sin	433	0
G->T	aa	115	1
T->C	aa	390	2
C->A	aa	125	1
C->T	aa	146	1
G->A	aa	137	1
G->T	aa	387	2
C->G	aa	136	2
G->A	aa	401	2
G->C	sin	417	0
A->C	aa	13	1
G->C	aa	412	2
A->G	aa	445	1
A->G	aa	395	1
G->T	aa	130	2
T->C	aa	373	2
G->C	aa	418	1
A->G	aa	415	1
G->C	indel	429	3
T->C	aa	448	2
A->G	aa	355	1
C->A	aa	136	1
C->A	aa	368	2
G->T	aa	412	1
T->G	indel	395	3
T->A	aa	426	2
C->T	sin	437	0
C->A	indel	126	3
A->G	indel	150	3
T->A	aa	480	1
G->A	aa	375	1
T->G	aa	431	1
G->C	aa	131	2
A->C	indel	150	3
C->T	aa	363	1
G->T	aa	157	2
G->C	aa	436	1
A->T	aa	440	1
C->G	aa	111	2
G->T	aa	447	1
C->G	aa	421	1
A->C	aa	432	1
C->G	aa	101	2
C->A	aa	356	1
G->T	aa	140	1
C->G	sin	430	0
T->G	aa	433	1
A->T	aa	150	2
G->A	indel	408	3
T->G	aa	373	1
C->G	aa	402	1
A->T	aa	150	1
T->C	aa	132	1
A->C	aa	128	1
G->C	aa	390	1
G->A	aa	448	1
T->C	aa	383	1
T->G	aa	396	2
T->C	aa	96	1
G->T	aa	388	1
A->T	aa	130	1
G->T	aa	418	1
T->C	aa	357	1
G->T	aa	404	1
C->A	aa	374	2
G->T	aa	415	2
T->A	sin	444	0
G->A	aa	357	2
G->C	indel	145	3
G->C	aa	127	1
A->G	indel	435	3
G->C	aa	351	1
T->A	aa	497	2
T->A	aa	362	1
A->T	indel	107	3
C->A	sin	370	0
G->T	aa	101	1
A->T	aa	445	1
G->C	aa	353	1
G->A	aa	103	1
A->G	aa	356	1
A->T	aa	357	1
G->T	aa	366	1
A->C	aa	126	1
T->G	aa	387	1
T->G	aa	421	2
C->T	aa	465	2
G->C	aa	447	2
G->C	indel	136	3
G->T	aa	140	2
C->A	sin	449	0
T->A	aa	399	2
A->T	aa	355	1
T->G	aa	144	1
G->A	aa	111	1
G->A	aa	138	2
G->A	aa	119	1
G->T	aa	143	1
G->T	aa	414	1
G->T	aa	124	2
G->A	aa	352	2
G->A	aa	388	1
C->G	aa	111	1
T->G	aa	458	1
G->A	sin	106	0
G->T	aa	140	2
T->A	aa	417	2
G->C	indel	365	3
T->A	sin	106	0
C->T	aa	130	1
T->A	aa	149	2
T->G	aa	403	1
A->G	sin	439	0
G->A	aa	135	1
G->T	aa	387	1
T->G	aa	412	1
T->A	aa	412	2
G->A	aa	422	2
G->C	aa	359	1
G->T	aa	434	1
G->C	aa	434	2
G->C	aa	414	1
G->T	aa	412	1
A->T	aa	369	1
G->A	aa	439	2
G->C	aa	142	1
T->G	indel	114	3
G->C	aa	124	2
G->C	sin	102	0
T->C	aa	391	1
G->C	aa	357	1
T->G	aa	435	1
A->G	aa	424	2
G->C	aa	112	1
A->T	aa	439	1
A->G	aa	137	2
C->T	aa	108	1
C->G	aa	402	1
G->T	sin	121	0
T->G	indel	384	3
C->T	indel	434	3
C->G	aa	140	1
G->T	aa	387	1
A->T	aa	433	1
T->G	sin	117	0
C->G	aa	147	2
A->G	aa	148	1
G->C	sin	357	0
G->A	aa	122	2
C->G	aa	440	1
T->G	aa	353	1
T->C	aa	150	1
T->A	aa	392	2
A->C	aa	391	2
T->C	aa	432	1
G->T	aa	110	2
C->A	aa	498	1
A->C	indel	421	3
G->T	aa	116	1
T->C	aa	404	2
C->A	indel	439	3
C->T	aa	124	1
A->G	aa	149	2
C->G	aa	439	2
G->A	sin	103	0
C->G	indel	407	3
A->T	aa	365	1
G->T	aa	140	2
G->T	aa	397	2
T->A	aa	127	1
T->G	aa	480	2
A->T	aa	356	1
T->A	aa	124	1
C->T	sin	148	0
T->G	aa	125	1
G->T	aa	404	2
C->A	aa	148	2
T->A	aa	143	1
A->G	aa	145	1
A->C	aa	363	1
G->C	aa	371	1
G->A	aa	107	1
C->A	aa	130	1
T->C	aa	392	1
C->T	indel	371	3
T->G	aa	146	2
G->C	aa	124	1
A->G	aa	387	1
T->A	aa	375	2
T->C	aa	364	1
T->A	aa	363	1
T->C	aa	131	2
T->G	aa	131	1
C->T	aa	131	1
A->C	aa	425	1
T->C	indel	437	3
G->A	aa	389	2
C->A	sin	394	0
A->T	aa	126	1
G->C	aa	407	1
C->A	aa	132	2
G->T	aa	125	1
G->A	aa	135	2
G->T	aa	433	1
A->C	aa	130	1
A->G	aa	111	1
C->G	aa	363	2
T->A	aa	424	2
G->C	aa	475	1
G->A	aa	368	2
C->A	aa	128	1
T->G	aa	114	1
C->T	aa	113	1
G->T	aa	379	1
C->T	sin	403	0
A->G	aa	445	1
T->A	aa	445	2
C->G	aa	115	1
T->G	aa	442	1
A->T	sin	129	0
A->T	aa	446	1
T->G	indel	128	3
G->C	aa	125	1
A->G	aa	103	1
A->G	aa	351	1
G->C	aa	379	1
C->G	aa	117	2
G->A	sin	402	0
G->T	aa	431	1
C->A	aa	397	2
A->T	aa	432	1
A->T	aa	376	1
T->A	sin	367	0
G->T	aa	391	2
T->A	aa	134	2
G->T	aa	363	1
T->A	aa	109	1
G->C	aa	107	2
C->A	aa	145	2
G->A	aa	427	1
T->C	sin	449	0
T->G	indel	402	3
A->G	aa	420	2
G->T	aa	444	1
G->C	sin	406	0
G->C	aa	136	1
T->C	aa	115	1
A->T	indel	426	3
C->G	aa	95	1
T->C	aa	413	1
A->G	sin	398	0
T->G	aa	391	2
T->A	aa	357	2
C->T	aa	133	1
T->C	aa	401	1
G->A	aa	122	1
C->T	aa	115	1
C->T	aa	208	1
C->A	sin	104	0
C->A	aa	141	1
C->T	aa	419	2
T->A	aa	376	2
G->A	aa	114	1
C->G	aa	383	1
T->C	aa	104	1
G->C	sin	476	0
T->A	aa	441	1
C->A	aa	380	1
T->C	aa	120	1
G->C	aa	108	1
A->C	indel	150	3
C->G	aa	406	1
C->G	aa	466	1
G->A	aa	150	2
G->C	aa	19	1
G->C	aa	379	1
G->A	aa	127	1
A->C	aa	395	1
C->G	aa	397	1
T->A	aa	396	1
C->G	aa	108	1
T->G	aa	444	1
C->T	aa	132	1
T->A	aa	427	2
T->A	aa	446	1
A->C	aa	358	2
A->T	aa	372	1
T->C	aa	418	1
C->G	indel	397	3
T->A	sin	409	0
A->C	aa	133	1
G->A	sin	140	0
T->C	aa	442	2
A->C	indel	120	3
T->A	aa	150	2
T->G	aa	420	1
G->A	aa	122	1
A->C	indel	464	3
A->C	aa	419	1
A->C	aa	450	1
G->T	aa	438	1
A->C	aa	393	2
T->A	aa	131	1
G->T	aa	120	1
A->G	sin	146	0
G->T	aa	136	2
A->C	aa	135	2
T->A	aa	101	2
C->G	aa	122	1
G->T	sin	129	0
G->C	aa	148	1
T->G	aa	124	1
A->G	sin	429	0
A->G	aa	433	1
T->A	aa	139	1
C->T	aa	357	1
G->A	aa	109	1
G->T	aa	105	1
T->A	aa	115	1
C->A	aa	397	1
A->T	aa	130	1
C->A	aa	358	1
A->C	aa	439	1
T->C	sin	418	0
G->T	aa	109	1
C->G	aa	120	2
T->A	aa	372	1
G->A	aa	423	1
G->T	sin	356	0
C->T	aa	391	1
T->A	aa	143	1
C->G	aa	141	1
A->T	sin	392	0
T->A	aa	102	2
T->G	aa	117	1
G->A	aa	133	1
C->T	sin	386	0
G->A	indel	121	3
G->A	aa	384	1
C->T	aa	384	1
C->T	aa	420	1
T->G	aa	134	2
A->T	aa	397	1
C->T	aa	424	1
G->C	aa	449	2
G->C	aa	431	1
A->G	aa	399	1
G->C	aa	136	1
G->T	sin	366	0
T->G	aa	403	1
G->C	indel	427	3
G->A	aa	432	1
G->C	aa	105	2
A->G	aa	448	1
T->A	aa	396	1
C->T	sin	440	0
T->G	sin	140	0
G->A	aa	432	1
A->T	aa	422	1
G->A	aa	110	1
A->G	aa	414	1
C->G	sin	137	0
A->G	aa	406	1
T->G	aa	124	1
T->G	aa	402	1
G->C	sin	380	0
C->T	aa	178	1
A->T	aa	423	2
T->A	aa	374	1
G->A	aa	370	2
C->A	sin	131	0
T->A	aa	371	1
G->T	aa	341	1
G->A	sin	148	0
A->C	aa	388	1
A->C	sin	123	0
G->A	aa	405	1
T->A	aa	115	1
T->C	aa	418	2
T->C	aa	394	1
T->G	aa	410	1
T->C	aa	428	1
T->C	aa	431	1
G->A	aa	193	1
T->G	aa	432	2
T->G	aa	351	1
G->A	aa	390	1
A->C	aa	120	1
T->C	aa	410	1
G->C	aa	374	2
T->A	aa	360	1
C->A	aa	473	1
G->T	aa	454	1
C->A	aa	126	2
G->C	aa	147	2
C->T	aa	149	2
G->T	aa	369	1
A->C	aa	380	2
A->G	aa	356	1
T->G	sin	405	0
G->T	aa	392	1
G->C	aa	450	1
A->G	aa	424	1
T->G	aa	128	2
C->A	aa	430	1
T->A	aa	375	1
A->C	aa	358	2
A->C	aa	420	2
G->A	aa	395	2
G->C	aa	362	1
C->A	sin	438	0
A->T	aa	114	1
A->C	indel	375	3
G->C	aa	103	1
A->T	aa	138	1
A->T	sin	436	0
A->G	aa	132	1
T->A	aa	132	2
G->A	aa	134	1
C->A	aa	148	2
A->T	indel	138	3
G->C	indel	359	3
G->A	aa	351	2
C->G	aa	137	1
G->T	aa	439	1
C->G	indel	148	3
T->A	aa	395	2
A->C	aa	406	1
C->G	aa	416	1
T->C	aa	391	1
T->C	aa	407	1
A->T	aa	440	1
A->C	aa	150	2
T->A	aa	444	2
A->C	aa	435	1
G->C	sin	364	0
A->C	aa	450	2
G->C	aa	373	1
G->T	aa	125	2
C->A	aa	387	1
A->G	aa	386	2
C->G	aa	107	1
A->T	aa	362	1
G->T	aa	102	1
A->T	aa	123	2
T->A	aa	421	1
C->G	indel	445	3
C->A	sin	394	0
T->C	aa	438	1
G->T	aa	433	2
C->A	aa	395	2
G->C	aa	140	1
C->G	aa	110	2
T->A	aa	126	1
C->A	aa	359	1
T->C	indel	443	3
C->T	aa	113	1
C->A	aa	391	1
T->C	sin	437	0
A->G	aa	121	1
G->C	aa	114	1
T->C	aa	115	1
T->A	aa	364	2
T->A	aa	377	1
G->C	aa	377	1
A->T	indel	353	3
T->G	aa	394	1
C->A	aa	126	1
G->C	indel	402	3
C->G	aa	401	1
T->G	aa	125	2
C->G	aa	372	2
G->C	aa	399	1
T->G	aa	138	1
C->A	indel	103	3
A->C	aa	107	1
T->G	sin	365	0
A->C	aa	410	2
C->G	indel	401	3
G->C	aa	417	1
G->C	aa	429	1
A->C	aa	412	2
T->G	aa	438	1
C->T	sin	357	0
T->G	aa	443	1
C->G	aa	42	2
T->G	indel	362	3
T->G	indel	469	3
A->T	aa	353	1
C->T	aa	407	2
T->G	aa	108	1
C->T	aa	367	2
C->A	aa	436	1
A->T	aa	400	1
T->A	aa	101	1
A->T	aa	373	2
T->A	aa	428	1
C->G	sin	412	0
T->C	aa	396	2
G->T	aa	89	1
G->T	aa	394	2
G->C	aa	444	1
T->G	aa	415	2
C->G	aa	372	2
C->T	aa	121	2
T->C	aa	419	1
C->T	sin	443	0
C->T	aa	396	2
A->G	indel	357	3
A->T	aa	128	2
A->G	aa	394	2
T->C	aa	448	1
C->T	sin	292	0
G->T	indel	390	3
A->G	aa	352	2
T->G	aa	380	1
T->A	aa	429	2
T->A	aa	18	2
T->G	aa	128	1
T->C	aa	139	2
G->C	aa	357	1
T->A	aa	443	2
T->C	sin	438	0
G->C	indel	138	3
T->C	aa	125	2
G->T	aa	120	1
G->T	aa	147	2
T->A	sin	433	0
T->G	aa	109	1
T->A	aa	149	1
A->T	indel	134	3
G->A	aa	111	2
C->G	aa	122	1
G->T	aa	142	1
T->C	aa	104	1
A->G	aa	370	1
C->A	aa	355	1
A->G	aa	147	1
T->A	aa	120	1
T->A	aa	400	2
G->A	aa	447	1
G->C	aa	353	1
C->G	aa	411	1
G->C	aa	390	2
C->T	aa	128	2
C->T	aa	441	1
C->A	aa	415	2
T->C	aa	362	1
G->T	aa	138	1
A->G	aa	148	1
A->C	aa	482	1
T->A	aa	135	1
C->T	aa	101	1
C->T	aa	128	1
A->T	aa	142	2
T->C	aa	452	1
A->T	aa	409	2
A->T	aa	135	1
A->C	aa	409	2
A->C	aa	138	2
A->C	aa	442	2
G->A	aa	440	2
A->G	aa	146	2
G->A	aa	406	1
A->G	aa	129	2
T->C	aa	141	1
A->G	aa	353	2
T->G	aa	412	2
A->G	aa	364	2
T->G	aa	379	2
T->A	aa	111	1
C->T	aa	431	2
G->T	sin	358	0
C->T	aa	382	1
A->C	indel	372	3
T->G	aa	434	1
G->A	aa	372	1
A->T	aa	426	1
T->A	aa	400	2
G->A	aa	134	1
G->C	indel	354	3
A->G	aa	416	1
T->C	aa	420	1
C->A	aa	107	2
A->G	aa	384	2
T->A	aa	127	1
C->T	aa	128	1
C->T	indel	145	3
C->T	indel	106	3
G->C	aa	121	2
T->G	aa	436	1
C->G	aa	403	1
T->A	aa	368	2
G->C	aa	446	1
G->A	aa	371	2
G->A	aa	426	1
G->T	indel	357	3
A->T	aa	445	2
A->T	aa	424	1
T->G	aa	436	2
A->T	indel	128	3
A->C	aa	421	1
A->G	aa	418	1
G->A	sin	443	0
G->A	aa	393	1
G->C	aa	122	1
G->C	aa	430	1
G->T	aa	429	2
A->C	aa	371	2
G->C	aa	442	1
C->G	indel	403	3
G->T	sin	438	0
G->A	aa	365	2
A->T	aa	144	2
T->C	aa	384	1
C->G	aa	157	2
A->G	aa	425	2
T->G	aa	126	1
T->G	aa	386	1
A->T	aa	362	1
G->T	aa	500	2
A->C	aa	419	1
G->T	aa	147	1
G->A	sin	367	0
G->C	aa	129	2
T->A	aa	126	1
G->A	aa	433	2
G->C	indel	447	3
C->T	indel	378	3
G->C	indel	111	3
G->A	aa	384	1
T->G	sin	382	0
G->C	aa	105	2
T->A	aa	436	1
T->C	aa	365	1
A->G	indel	105	3
G->T	aa	370	1
C->G	aa	446	2
G->C	aa	388	2
G->T	aa	404	2
G->T	aa	123	1
G->C	aa	409	1
C->A	sin	446	0
A->T	aa	122	1
G->T	aa	111	1
T->G	aa	378	1
T->G	aa	385	2
A->G	aa	423	2
T->G	aa	120	1
T->G	aa	469	1
G->T	aa	393	1
C->G	aa	383	1
C->T	sin	399	0
C->A	aa	59	1
G->A	aa	360	1
G->T	aa	388	1
C->G	sin	183	0
C->T	aa	122	1
A->G	indel	405	3
A->G	aa	437	1
G->C	aa	418	2
G->C	aa	118	1
T->C	aa	381	1
G->C	indel	105	3
C->T	indel	382	3
G->T	aa	437	1
C->G	aa	491	1
G->A	aa	150	2
T->G	aa	351	1
G->C	aa	397	2
A->G	aa	412	1
A->T	aa	124	1
A->G	indel	445	3
T->C	aa	423	2
A->G	aa	443	1
T->A	sin	129	0
G->C	sin	111	0
T->A	indel	365	3
C->G	sin	111	0
A->T	aa	434	2
T->C	aa	417	1
C->G	aa	445	1
T->A	aa	129	1
A->C	sin	389	0
T->C	aa	399	1
C->G	sin	389	0
T->C	sin	413	0
G->C	aa	413	2
A->G	aa	105	2
T->G	aa	403	2
A->G	aa	423	1
G->A	aa	130	1
C->T	indel	134	3
C->T	aa	500	1
C->A	aa	120	2
A->C	aa	425	1
G->T	aa	442	1
T->A	aa	218	1
G->C	aa	450	2
T->C	aa	106	1
T->C	aa	404	1
T->A	aa	441	2
A->C	aa	383	2
C->T	aa	436	1
A->T	aa	352	1
T->A	sin	117	0
A->G	sin	394	0
G->A	aa	137	1
A->G	sin	377	0
T->G	aa	133	2
A->G	aa	124	1
A->T	aa	126	1
G->T	aa	104	1
A->G	aa	374	2
T->G	aa	369	1
G->T	aa	412	1
T->A	aa	108	2
T->C	aa	134	2
T->C	aa	404	1
A->T	aa	109	1
G->T	aa	450	2
G->C	aa	382	1
T->A	aa	117	1
G->T	aa	361	2
G->T	indel	110	3
C->A	sin	415	0
G->C	aa	424	1
T->C	aa	440	1
T->G	aa	373	1
G->T	sin	408	0
C->T	aa	124	1
T->G	aa	145	1
G->C	aa	438	1
A->G	sin	133	0
T->A	aa	388	2
G->C	indel	351	3
G->T	aa	124	1
C->T	aa	363	2
A->G	aa	101	2
G->A	aa	132	1
C->G	aa	400	2
C->A	aa	129	1
T->G	aa	446	2
A->T	aa	409	1
G->C	aa	424	1
G->T	aa	411	1
C->T	aa	139	2
C->T	aa	434	2
T->C	sin	354	0
A->T	aa	149	2
T->G	aa	150	2
A->T	indel	121	3
A->C	aa	141	1
G->C	aa	438	1
T->G	aa	369	2
A->G	aa	440	1
T->G	aa	392	1
T->C	sin	355	0
T->C	aa	356	1
G->C	aa	388	1
T->C	sin	444	0
C->T	aa	434	1
C->G	aa	436	1
G->T	aa	390	2
G->A	aa	366	1
T->G	aa	405	1
G->C	aa	143	2
G->A	aa	109	2
G->A	indel	113	3
T->C	aa	385	2
G->C	aa	133	1
G->C	aa	245	2
G->T	sin	366	0
C->G	aa	361	1
T->C	aa	404	1
G->T	aa	143	1
G->C	aa	402	1
A->C	aa	382	1
G->C	sin	376	0
T->G	aa	118	2
T->G	aa	141	2
T->A	aa	397	1
A->G	aa	136	1
C->G	aa	378	1
C->A	indel	442	3
G->A	aa	195	1
T->A	aa	411	1
C->T	aa	121	1
G->T	aa	378	2
C->G	aa	398	2
G->C	aa	220	1
C->T	aa	442	2
T->C	aa	421	1
C->T	aa	297	1
T->C	aa	143	1
G->A	aa	433	2
C->G	sin	419	0
C->G	aa	360	1
T->G	aa	397	2
G->C	sin	364	0
A->G	aa	112	1
G->T	indel	102	3
G->T	aa	426	1
T->C	aa	141	1
G->C	aa	380	1
C->A	aa	432	1
T->C	aa	434	1
T->C	aa	385	1
A->G	sin	354	0
C->G	aa	135	1
C->G	aa	134	1
G->C	aa	397	1
C->A	indel	132	3
G->C	aa	404	1
C->G	aa	148	1
T->A	indel	147	3
A->T	aa	373	1
C->T	aa	370	1
T->C	aa	147	2
G->C	aa	431	2
G->C	aa	116	1
A->T	aa	407	1
T->A	aa	454	2
C->A	sin	448	0
C->A	aa	426	1
T->C	aa	101	1
G->A	aa	122	2
G->C	aa	417	2
G->T	aa	355	2
C->T	aa	370	2
A->G	aa	417	1
C->G	aa	408	1
T->C	aa	143	2
T->A	aa	128	1
G->T	aa	199	1
G->A	indel	404	3
A->C	aa	135	1
G->A	aa	377	1
C->G	aa	139	2
T->C	aa	145	1
C->G	aa	408	2